StartDate,EndDate,Status,IPAddress,Progress,Duration (in seconds),Finished,RecordedDate,ResponseId,RecipientLastName,RecipientFirstName,RecipientEmail,ExternalReference,LocationLatitude,LocationLongitude,DistributionChannel,UserLanguage,Q2,Q2_4_TEXT,Q23,Q23_8_TEXT,Q4b,Q4b_9_TEXT,Q7,Q7_5_TEXT,Q12,Q12_7_TEXT,Q24_NPS_GROUP,Q24,Q9,Q25,Q26,Q10,Q11,Q13,Q27,Q28,Q29,Q14,Q15,Q16,Q17_1,Q17_2
Start Date,End Date,Response Type,IP Address,Progress,Duration (in seconds),Finished,Recorded Date,Response ID,Recipient Last Name,Recipient First Name,Recipient Email,External Data Reference,Location Latitude,Location Longitude,Distribution Channel,User Language,Where are you headed/coming from today? - Selected Choice,Where are you headed/coming from today? - Other - Text,How would you have made this trip without UTA on Demand? - Selected Choice,How would you have made this trip without UTA on Demand? - Other - Text,How did you hear about UTA on Demand? - Selected Choice,How did you hear about UTA on Demand? - Other - Text,What types of trips do you use it for? - Selected Choice,What types of trips do you use it for? - Other - Text,From where do you usually receive your information about how to travel on UTA or other services? - Selected Choice,From where do you usually receive your information about how to travel on UTA or other services? - Other - Text,How likely would you be to recommend UTA on Demand to a friend? - Group,How likely would you be to recommend UTA on Demand to a friend?,Why did you choose to ride UTA on Demand today?,How was your experience using UTA on Demand today?,How has UTA on Demand affected your travel?,What about UTA works for you?,What needs to be improved for you?,Other comments?,"Including YOU, how many people live in your household?",What is your race / ethnicity? (check all that apply),Which of the following BEST describes your TOTAL ANNUAL HOUSEHOLD INCOME in 2019 before taxes?,"How many vehicles (cars, trucks or motorcycles) are available in your household?",Do you have a smartphone?,What is your age?,Optional: Would you be open to providing your contact info in the event that we would like to contact you to better understand your answers? - Name,Optional: Would you be open to providing your contact info in the event that we would like to contact you to better understand your answers? - Phone Number
"{""ImportId"":""startDate"",""timeZone"":""America/Denver""}","{""ImportId"":""endDate"",""timeZone"":""America/Denver""}","{""ImportId"":""status""}","{""ImportId"":""ipAddress""}","{""ImportId"":""progress""}","{""ImportId"":""duration""}","{""ImportId"":""finished""}","{""ImportId"":""recordedDate"",""timeZone"":""America/Denver""}","{""ImportId"":""_recordId""}","{""ImportId"":""recipientLastName""}","{""ImportId"":""recipientFirstName""}","{""ImportId"":""recipientEmail""}","{""ImportId"":""externalDataReference""}","{""ImportId"":""locationLatitude""}","{""ImportId"":""locationLongitude""}","{""ImportId"":""distributionChannel""}","{""ImportId"":""userLanguage""}","{""ImportId"":""QID2""}","{""ImportId"":""QID2_4_TEXT""}","{""ImportId"":""QID23""}","{""ImportId"":""QID23_8_TEXT""}","{""ImportId"":""QID19""}","{""ImportId"":""QID19_9_TEXT""}","{""ImportId"":""QID7""}","{""ImportId"":""QID7_5_TEXT""}","{""ImportId"":""QID14""}","{""ImportId"":""QID14_7_TEXT""}","{""ImportId"":""QID24_NPS_GROUP""}","{""ImportId"":""QID24""}","{""ImportId"":""QID10_TEXT""}","{""ImportId"":""QID25_TEXT""}","{""ImportId"":""QID26_TEXT""}","{""ImportId"":""QID11_TEXT""}","{""ImportId"":""QID12_TEXT""}","{""ImportId"":""QID13_TEXT""}","{""ImportId"":""QID27_TEXT""}","{""ImportId"":""QID28""}","{""ImportId"":""QID29""}","{""ImportId"":""QID15""}","{""ImportId"":""QID16""}","{""ImportId"":""QID17""}","{""ImportId"":""QID18_1""}","{""ImportId"":""QID18_2""}"
2020-01-10 13:53:20,2020-01-10 13:53:41,Survey Preview,,100,21,True,2020-01-10 13:53:41,R_5zDiJ9isT5Tpf5D,,,,,40.3594970703125,-111.7303009033203125,preview,ES-ES,,,,,,,,,,,,,,,,,,,,,,,,,,
2020-01-10 15:30:45,2020-01-10 15:31:36,IP Address,204.126.146.202,100,50,True,2020-01-10 15:31:37,R_PNArrcXx9mZLiMx,,,,,40.6981048583984375,-111.99990081787109375,anonymous,EN,,,,,,,,,,,,,,,,,,,,,,,,,,
2020-01-10 16:54:43,2020-01-10 16:57:03,IP Address,204.126.146.202,75,139,False,2020-01-13 16:57:05,R_3Mm5BFABT4FVpB2,,,,,,,anonymous,EN,,,,,,,,,,,,,,,,,,,,,,,,,,
2020-01-15 15:42:19,2020-01-15 15:49:47,IP Address,204.126.146.202,100,447,True,2020-01-15 15:49:47,R_21670ug5ZBuakOz,,,,,40.6981048583984375,-111.99990081787109375,anonymous,EN,,,,,,,,,,,,,,,,,,,,,,,,,,
2020-01-16 07:15:32,2020-01-16 07:16:20,IP Address,73.65.86.36,100,48,True,2020-01-16 07:16:21,R_1QzQ4MA9bCMTJi4,,,,,44.9427032470703125,-93.28710174560546875,anonymous,EN,,,,,,,,,,,,,,,,,,,,,,,,,,
2020-01-15 15:50:12,2020-01-15 16:50:18,IP Address,204.126.146.202,0,3606,False,2020-01-18 16:50:46,R_cFRSEguTXgTzDd7,,,,,,,anonymous,EN,,,Would not have made trip,,,,,,,,,,,,,,,,,,,,,,,
2020-01-16 07:19:25,2020-01-16 08:11:10,IP Address,73.65.86.36,38,3104,False,2020-01-19 08:11:14,R_3Ej0Vkdu3YXUn2L,,,,,,,anonymous,EN,,,,,,,,,,,,,,,,,,,,,,,,,,
2020-01-21 10:26:58,2020-01-21 10:27:23,IP Address,204.126.146.202,100,24,True,2020-01-21 10:27:24,R_O7hqOI3K3XBtZDP,,,,,40.6981048583984375,-111.99990081787109375,anonymous,EN,,,,,,,,,,,,,,,,,,,,,,,,,,
2020-02-14 09:50:21,2020-02-14 09:53:18,IP Address,216.49.181.250,100,177,True,2020-02-14 09:53:19,R_Zfy82d19NJ46et3,,,,,40.6681060791015625,-111.90830230712890625,qr,EN,Work,,UTA Flex Bus / Local Bus,,"UTA Website,Social Media",,"Work,Shopping",,"Google Maps,UTA website",,Promoter,10,It's free with the Frontrunner pass I already pay for,"Good, never have any serious issues","I don't share a car with my wife anymore, so life is less stressful","Via comes to my house and takes me to the train, which takes me to a bus, which takes me to work. I haven't dealt with traffic in months.",The route calculation in the Via app can be screwy.,,4,White,"$45,000 - $59,999",1,Yes,25-34,Alex Mott,3852245049
2020-02-14 16:36:24,2020-02-14 16:41:22,Offline,66.219.235.76,100,297,True,2020-02-26 12:04:19,R_a0KYa0xh55SGkYJ,,,,,40.540987999999998692146618850529193878173828125,-112.0136830000000003337845555506646633148193359375,,EN,Work,,Uber/Lyft,,Street Marketing/Flyer,,Work,,Transit App,,Promoter,10,Work,Amazing,Improved it,Conveinent,Wider coverage map/ weekend services,,8,White,46,2,Yes,,,
2020-02-25 16:02:22,2020-02-25 16:04:09,Offline,66.219.236.169,100,106,True,2020-03-04 15:36:44,R_2hbMbI1f1PV1KFp,,,,,40.56319599999999780948201077990233898162841796875,-111.9008409999999997808117768727242946624755859375,,EN,Work,,Uber/Lyft,,Friends/Word of Mouth,,"Work,Shopping",,Google Maps,,Passive,8,,,,,,,,Black / African American,"$25,000 - $31,999",2,Yes,18-24,,
2020-03-04 16:23:08,2020-03-04 16:25:06,Offline,66.219.236.169,100,118,True,2020-03-04 18:35:05,R_1aGuIxso9cphECB,,,,,40.5152209999999968204065226018428802490234375,-111.904458000000005313268047757446765899658203125,,EN,Work,,Uber/Lyft,,Posters/Signs,,Work,,Google Maps,,Promoter,10,Ease of use,Excellent,Made it easier,Easy to use,,,5,White,"$250,000 or above",2,Yes,35-44,,
2020-03-04 16:50:21,2020-03-04 16:54:26,Offline,66.219.236.169,100,245,True,2020-03-04 18:35:05,R_8mMu3lsshIPlY6r,,,,,40.51515400000000255431586992926895618438720703125,-111.9043520000000029313014238141477108001708984375,,EN,Work,,Other,Rides at a different time,"Posters/Signs,Friends/Word of Mouth",,Work,,"Google Maps,Transit App",,Promoter,10,Flexible schedle,Very good,Provides mre flexibility,"Cost, consisrent travel times",More frontrunner times,,5,,,4+,Yes,55-64,,
2020-03-04 17:10:49,2020-03-04 17:18:27,Offline,66.219.236.169,100,458,True,2020-03-04 18:35:06,R_3by3bBobZkURq6K,,,,,40.51521799999999728925104136578738689422607421875,-111.9044559999999961519279167987406253814697265625,,EN,Home,,Uber/Lyft,,Friends/Word of Mouth,,"Work,Shopping,Visit family/friends,Other",,Google Maps,,Promoter,10,I lkead enjoy the eperince,Great,Made it more pleasnt,Everythng,Nothing,,,"American Indian / Alaska Native,White,Hispanic / Latino",46,2,Yes,25-34,Dustin Famiglietti,9783106462
2020-03-04 16:25:38,2020-03-04 17:27:08,Offline,66.219.236.169,100,3690,True,2020-03-04 18:35:07,R_3FTLrq5FKR1ukAF,,,,,40.51518200000000291538526653312146663665771484375,-111.9040729999999967958501656539738178253173828125,,EN,Work,,Personal Car,,Social Media,,Work,,UTA website,,Promoter,9,For work,,Its good fast and easy,How far it goes,,,,,,,,,,
2020-03-04 16:29:43,2020-03-04 17:27:23,Offline,66.219.236.169,100,3459,True,2020-03-04 18:35:08,R_c3Ay3RcgE1jULP2,,,,,40.51525000000000176214598468504846096038818359375,-111.90411199999999780629877932369709014892578125,,EN,Home,,UTA Flex Bus / Local Bus,,Friends/Word of Mouth,,"Work,Visit family/friends",,"UTA website,Posters at stations/on transit,Other",Family and friends,Promoter,10,,,,,,,,Black / African American,,,,,,
2020-02-13 16:35:55,2020-03-04 17:27:38,Offline,66.219.236.169,100,1731102,True,2020-03-04 18:35:09,R_eiDluySaeqCb1Y6,,,,,40.515230000000002519300323911011219024658203125,-111.9041930000000064637788455002009868621826171875,,EN,Work,,Personal Car,,"News,Street Marketing/Flyer",,Work,,Other,Work,Detractor,5,,,,,,,,,,,,,,
