StartDate,EndDate,Status,IPAddress,Progress,Duration (in seconds),Finished,RecordedDate,ResponseId,RecipientLastName,RecipientFirstName,RecipientEmail,ExternalReference,LocationLatitude,LocationLongitude,DistributionChannel,UserLanguage,Q1,Q2,Q2_4_TEXT,Q3,Q3_4_TEXT,Q4,Q4b,Q5_1,Q6,Q7,Q7_5_TEXT,Q8,Q9,Q10,Q11,Q12,Q12_7_TEXT,Q13,Q14,Q15,Q16,Q17_1,Q17_2
Start Date,End Date,Response Type,IP Address,Progress,Duration (in seconds),Finished,Recorded Date,Response ID,Recipient Last Name,Recipient First Name,Recipient Email,External Data Reference,Location Latitude,Location Longitude,Distribution Channel,User Language,How often do you ride UTA?,Where are you headed today? - Selected Choice,Where are you headed today? - Other - Text,How did you travel to your UTA stop/station today? - Selected Choice,How did you travel to your UTA stop/station today? - Other - Text,Had you heard about UTA On Demand before today?,How did you hear about it? What do you know about it?,How likely are you to download the VIA app and use UTA On Demand? - 1,Why did you choose that ranking?,What types of trips do you think you could use it for? - Selected Choice,What types of trips do you think you could use it for? - Other - Text,How could you use this microtransit  service?,Why did you choose to ride UTA today?,What about UTA works for you?,What needs to be improved for you?,From where do you usually receive your information about how to travel on UTA or other services? - Selected Choice,From where do you usually receive your information about how to travel on UTA or other services? - Other - Text,Other comments?,"How many vehicles (cars, trucks or motorcycles) are available in your household?",Do you have a smartphone?,What is your age?,Optional: Would you be open to providing your contact info in the even that we would like to contact you to better understand your answers? - Name,Optional: Would you be open to providing your contact info in the even that we would like to contact you to better understand your answers? - Phone Number
"{""ImportId"":""startDate"",""timeZone"":""America/Denver""}","{""ImportId"":""endDate"",""timeZone"":""America/Denver""}","{""ImportId"":""status""}","{""ImportId"":""ipAddress""}","{""ImportId"":""progress""}","{""ImportId"":""duration""}","{""ImportId"":""finished""}","{""ImportId"":""recordedDate"",""timeZone"":""America/Denver""}","{""ImportId"":""_recordId""}","{""ImportId"":""recipientLastName""}","{""ImportId"":""recipientFirstName""}","{""ImportId"":""recipientEmail""}","{""ImportId"":""externalDataReference""}","{""ImportId"":""locationLatitude""}","{""ImportId"":""locationLongitude""}","{""ImportId"":""distributionChannel""}","{""ImportId"":""userLanguage""}","{""ImportId"":""QID1""}","{""ImportId"":""QID2""}","{""ImportId"":""QID2_4_TEXT""}","{""ImportId"":""QID3""}","{""ImportId"":""QID3_4_TEXT""}","{""ImportId"":""QID4""}","{""ImportId"":""QID19_TEXT""}","{""ImportId"":""QID5_1""}","{""ImportId"":""QID6_TEXT""}","{""ImportId"":""QID7""}","{""ImportId"":""QID7_5_TEXT""}","{""ImportId"":""QID9_TEXT""}","{""ImportId"":""QID10_TEXT""}","{""ImportId"":""QID11_TEXT""}","{""ImportId"":""QID12_TEXT""}","{""ImportId"":""QID14""}","{""ImportId"":""QID14_7_TEXT""}","{""ImportId"":""QID13_TEXT""}","{""ImportId"":""QID15""}","{""ImportId"":""QID16""}","{""ImportId"":""QID17""}","{""ImportId"":""QID18_1""}","{""ImportId"":""QID18_2""}"
2019-11-12 15:59:52,2019-11-12 16:03:43,IP Address,174.208.5.75,100,231,True,2019-11-12 16:03:44,R_1KdOmtgvr4Jyuax,,,,,40.5540924072265625,-111.942901611328125,qr,EN,5 days per week,Work,,Walk,,No,,3,Does not cover my work area,Work,,If the area expanded I would use it Sandy and Davis county,To and from home and work,Convenience and price,Dependability,,,,3,Yes,55-64,Mike Nygard,8012090127
2019-11-12 15:57:12,2019-11-12 16:04:54,IP Address,174.208.11.12,100,462,True,2019-11-12 16:04:55,R_27BEZ8KYX1oHoVQ,,,,,40.7610015869140625,-111.8610992431640625,qr,EN,5 days per week,Work,,Other,Drive,No,,,"My office building is right next to the station, so I wouldn’t use it often. ",Work,,"Could possibly use for running local errands while at work. ","I prefer reading/working on the train vs driving to work. ","The trains are pretty reliable, and it makes it easy that my stop is right next to my building. ","I wish the Frontrunner was every 20 minutes. I live between the AF and Lehi stations—I wish I felt like I could safely ride a bike or walk to either one. AF is closer, but I actually drive the extra mile to Lehi station because I hate the roads around AF station, and Lehi has better parking. ",,,"Overall, I am pleased with my UTA experience. ",2,Yes,35-44,,
2019-11-12 15:59:49,2019-11-12 16:07:22,IP Address,174.208.10.220,100,453,True,2019-11-12 16:07:22,R_UiQLKOdacKTsKfT,,,,,40.6750946044921875,-111.81659698486328125,qr,EN,5 days per week,Work,,Walk,,No,,,"It sounds like it does not cover 9800 Monroe street ",Work,,Get from train to work at 9800 Monroe street,Because I live 50 miles from work and my car has too many miles. Even though UTA sucks and is inconvenient because of the one train every hour.  They should run every 15 min.,"Hardly anything, the trains are late.  They break down too often.  I get half way home and they go out of service and I have to wait for the next train.","Schedule every 15 min, more reliable service, don’t go out of service as much.  And I’m tired of people with ankle bracelets sitting next to me.",,,,3,Yes,45-54,Kenton Nelson,801-458-9150
2019-11-12 16:09:34,2019-11-12 16:12:12,IP Address,172.58.35.100,100,158,True,2019-11-12 16:12:13,R_pbe9bXa6SgUz2il,,,,,38.6638946533203125,-121.33879852294921875,qr,EN,5 days per week,Work,,Park and ride,,No,,3,Not sure yet,Work,,"Maybe won’t ","Convenient ",Somewhat close to work,Cost,,,,2,Yes,55-64,,
2019-11-12 16:11:49,2019-11-12 16:13:38,IP Address,172.58.77.89,100,109,True,2019-11-12 16:13:39,R_XRJE4dLFNGsml21,,,,,40.65960693359375,-111.91950225830078125,qr,EN,5 days per week,Other,,Walk,,No,,5,Way more convient for me to get places,Work,,,Work,It gets me there faster then walking,,,,,2,Yes,18-24,John Johnson,801-916-6969
2019-11-12 16:25:09,2019-11-12 16:28:29,IP Address,172.58.77.75,100,200,True,2019-11-12 16:28:30,R_22WBphRIvH1S8ET,,,,,40.65960693359375,-111.91950225830078125,qr,EN,5 days per week,Work,,Park and ride,,Yes,Signs in frontrunner,1,,,,,,Frontrunner gets past point of the mountain in a consistent time,Fewer delays and breakdowns,,,,1,Yes,25-34,,
2019-11-12 16:31:21,2019-11-12 16:33:30,IP Address,174.208.32.40,100,129,True,2019-11-12 16:33:30,R_e8rGmIscvglsiwF,,,,,41.0854034423828125,-111.96820068359375,qr,EN,5 days per week,Work,,Park and ride,,No,,1,I have a pass provided work,Other,None,I won’t,Work provides it,Convenience and long distance,Don’t have a single track system so you can reduce delays,,,,1,Yes,18-24,,
2019-11-12 16:22:10,2019-11-12 16:36:23,IP Address,99.203.12.23,100,853,True,2019-11-12 16:36:24,R_3RczLcR7ANlwFFv,,,,,41.139892578125,-104.81929779052734375,qr,EN,5 days per week,Work,,Other,frontrunner,No,,5,because i really need that,Other,pick up my baby,of course,"It is the only way I can get to my job ","fine, but they need to inform in other social media when they can have a delay","The information on other social media ",,,"Please let us know the delays on facebook more frecuently ",2,Yes,18-24,Michelle Morales,18014733160
2019-11-12 16:33:51,2019-11-12 16:39:05,IP Address,172.58.77.144,100,314,True,2019-11-12 16:39:05,R_1PTpI3FOIndR30N,,,,,40.65960693359375,-111.91950225830078125,qr,EN,4 days per week,Work,,Walk,,No,,5,It sounds like a better usage of my money than using Lyft.,Work,,I have a long commute to and from work. This could help.,Convenience,Location of most stations.,"Reliability of arrivals, but that can be pretty hard.",,,,1,Yes,18-24,David Kebret,7025394892
2019-11-12 16:35:15,2019-11-12 16:39:08,IP Address,172.58.38.250,100,232,True,2019-11-12 16:39:08,R_2VECqj3R5mHjodp,,,,,37.3083038330078125,-121.96429443359375,qr,EN,5 days per week,Work,,Park and ride,,No,,4,Because it was accurate,Work,,To get to the Trax station and not use up valuable parking downtown,Because I hate rush hour traffic,That it drops me off right at work,"I wish the front runner was more consistent and ran more often during peak times. It breaks down atleast a few times a week causing delays ",,,,1,Yes,25-34,,
2019-11-12 16:32:27,2019-11-12 16:40:45,IP Address,209.107.178.172,100,498,True,2019-11-12 16:40:45,R_1EjvsnzilI5QIaq,,,,,34.1060028076171875,-118.3607025146484375,qr,EN,5 days per week,Work,,Walk,,No,,2,"Generally the only time I'm using public transportation, it's because the station is close enough I can walk. ",Work,,"If we have off site meetings, I might use it. Or if I switched jobs.",Lower stress than driving.,Frontrunner runs at convenient times and to convenient locations.,"Only problem I have is with discourteous passengers. ",,,,1,Yes,35-44,,
2019-11-12 16:53:30,2019-11-12 16:54:54,IP Address,107.77.231.141,100,84,True,2019-11-12 16:54:55,R_AtDXjbwHLnmImaZ,,,,,33.895904541015625,-118.1649017333984375,qr,EN,6 days per week,Work,,Walk,,Yes,Uta rep,1,,Work,,,Work,It moves,Trains need to be on time more,,,,,Yes,25-34,,
2019-11-12 16:53:20,2019-11-12 16:59:59,IP Address,172.58.35.140,100,398,True,2019-11-12 16:59:59,R_2tnSzhigpaMwvZi,,,,,38.6638946533203125,-121.33879852294921875,qr,EN,2 days per week,Work,,Other,E-Scooter / UVX,Yes,KSL online. I know it's a shared Uber-like service.,1,I dont travel far enough in the service area to justify using it.,,,,Convenience and cost.,Pass from University makes it cheaper than driving in most cases.,Frequency and more Sunday service options.,,,,1,Yes,25-34,Auston,4235215243
2019-11-12 16:53:45,2019-11-12 17:01:37,IP Address,174.208.26.36,100,471,True,2019-11-12 17:01:37,R_Ojqg962E9vhaiB3,,,,,40.7592010498046875,-111.8874969482421875,qr,EN,3 days per week,Work,,Other,"Work shuttle although I frequently walk. On my way to work, I use park and ride. ",No,,3,"I like the idea, but my employer offers a shuttle which accommodates my riding need if I choose not to walk. ",Work,,,"I prefer using the commute time to be productive which driving does not allow. ","Stops are relatively convenient for home and office, WiFi is nice, service is usually reliable but not like clockwork. ","Improved reliability, increased frequency. The micro transit could solve a lot of problems of coverage for many people. ",,,,4+,Yes,45-54,,
2019-11-12 17:01:16,2019-11-12 17:02:38,IP Address,107.77.228.233,100,81,True,2019-11-12 17:02:38,R_2xxuue3mElMAryG,,,,,33.869293212890625,-117.929595947265625,qr,EN,4 days per week,Other,School,Park and ride,,No,,1,,School,,,,,,,,,1,Yes,18-24,,
2019-11-12 17:09:23,2019-11-12 17:12:37,IP Address,174.255.128.143,100,194,True,2019-11-12 17:12:37,R_2dB9I2t0uqRlr3k,,,,,32.8296966552734375,-97.1454010009765625,qr,EN,2 days per week,Other,"Home ",Walk,,No,,1,"Usually I drive ",Work,,"Not sure I would ","My wife’s car is in the shop ","Convenient ","Nothing ",,,,2,Yes,45-54,,
2019-11-12 17:11:24,2019-11-12 17:14:06,IP Address,99.203.77.96,100,161,True,2019-11-12 17:14:06,R_0kaH7XSH5dc8XV7,,,,,41.139892578125,-104.81929779052734375,qr,EN,5 days per week,Other,Home,Walk,,No,,4,I at least will try it once,Work,,"To go home ",Don’t have a car,Drops me with a mile of work,Frequency would be nice,,,,1,Yes,35-44,,
2019-11-12 17:10:37,2019-11-12 17:14:36,IP Address,107.77.229.33,100,238,True,2019-11-12 17:14:36,R_6Ab0zIZYnzFuo8h,,,,,34.0290069580078125,-118.4004974365234375,qr,EN,4 days per week,Work,,Park and ride,,No,,1,"I walk from my apartment to the Frontrunner station and then drive to work. I need a car at work, so I wouldn’t be able to use the service. ",Shopping,,"I wouldn’t be able to because of my need of a personal car at work. ","Trying to be environmentally friendly, don’t like sitting in traffic. ","Frontrunner is right across the street from my apartment, holds me to a schedule. ",,,,,2,Yes,25-34,Jacob Lewis,8019197425
2019-11-12 15:43:45,2019-11-12 15:48:28,Offline,66.219.236.169,100,283,True,2019-11-12 18:23:14,R_mhX5ZOg79KO9Szt,,,,,40.5634069999999979927451931871473789215087890625,-111.900564000000002806700649671256542205810546875,,EN,5 days per week,Other,Home,Park and ride,,No,,5,Sounds like a great idea,Work,,To get to tight places bus cant get too,Gettimg home. No car,Everthing,Better bike rikes,,,,,Yes,25-34,Michael haws,3852079865
2019-11-12 15:50:08,2019-11-12 15:54:53,Offline,66.219.236.169,100,285,True,2019-11-12 18:23:15,R_277u8fu3lCc5QXb,,,,,40.356292724609375,-111.7324981689453125,,EN,4 days per week,Other,School,Park and ride,,No,,3,It could come in handy but i dont need it rught now,School,,"Getting to the train from home could be much easier through it ",Its easy and cheaper than buying a car right now,"It has convenient times, can access most everything i need","Tap pn and tap off os really frustrating. I have a student ID badge, i dont understand why they cant just look at it and know it works for proof of fair",,,,1,Yes,18-24,Kristin Alder,8017507819
2019-11-12 16:00:33,2019-11-12 16:04:17,Offline,66.219.236.169,100,224,True,2019-11-12 18:23:16,R_1Yxl6TMylpOiv9j,,,,,40.56311199999999672627382096834480762481689453125,-111.9007500000000021600499167107045650482177734375,,EN,5 days per week,Work,,Other,,No,,2,I already pay $200 for my monthly pass i dont want to pay more for services.,Work,,"From the train station to my work.
","Work commute, better than driving 58 miles one way",Stressfree,Less delays,,,,2,Yes,35-44,,
2019-11-12 16:05:19,2019-11-12 16:07:29,Offline,66.219.236.169,100,129,True,2019-11-12 18:23:16,R_lgn0DvnR6LKtoO4,,,,,40.356292724609375,-111.7324981689453125,,EN,4 days per week,Work,,Park and ride,,No,,1,Walk to the office,Other,N9ne,No,,,,,,,4+,Yes,45-54,,
2019-11-12 16:10:10,2019-11-12 16:21:18,Offline,66.219.236.169,100,667,True,2019-11-12 18:23:18,R_fCWqR4hfNVp4aSS,,,,,40.356292724609375,-111.7324981689453125,,EN,2 days per week,Visit family/friends,,Walk,,No,,4,Because i like the service,Other,And family,"Easier to use and understand, especially for spanish community",Es mas facil de tener un poco de tiempo extra para visitar ala familia,Great,,,,Its important for kids to have options to get around without a car,3,No,,Ana torres,3852994411
2019-11-12 16:26:39,2019-11-12 16:30:16,Offline,66.219.236.169,100,217,True,2019-11-12 18:23:18,R_6aJXZ1Dfub8wtPa,,,,,40.5632250000000027512214728631079196929931640625,-111.9009219999999942274371278472244739532470703125,,EN,3 days per week,Work,,Other,,,,,,,,,,,,,,,2,No,55-64,,
2019-11-12 16:37:53,2019-11-12 16:42:24,Offline,66.219.236.169,100,270,True,2019-11-12 18:23:19,R_nu8v86Jta4sm2kp,,,,,40.5636300000000034060576581396162509918212890625,-111.9007399999999989859134075231850147247314453125,,EN,5 days per week,Other,Home,Park and ride,,No,,,Hasnt started yet,Shopping,,"Cheaper than lyft or uber, grocery, work, movies","No car, it was a total loss",Fits across my commute,Wait for me if i am running,,,,1,Yes,25-34,Priscilla,8019138739
2019-11-12 16:44:14,2019-11-12 16:47:06,Offline,66.219.236.169,100,171,True,2019-11-12 18:23:20,R_bvnNRLgyLJGY08q,,,,,40.356292724609375,-111.7324981689453125,,EN,Less than once per week,Work,,Park and ride,,No,,,Easier to get to the fr station,Visit family/friends,,To help friends without cars get places,Avoid traffic during rush hour,Front runner,"Need neighbor hood access, and more direct and frequent backbone bus routes",,,,2,Yes,25-34,,
2019-11-12 16:47:43,2019-11-12 16:52:03,Offline,66.219.236.169,100,260,True,2019-11-12 18:23:21,R_fk4rJFvOdjPjufN,,,,,40.356292724609375,-111.7324981689453125,,EN,6 days per week,Work,,Other,Bus,No,,5,Been looking for a cheaper but more efficient way to get from Frontrunner to my workplace,Work,,Get to work from Frontrunner,Cheaper and more environmentally friendly than a car,Proximity to work/school,Bus timings to and from frontrunner stations,,,,,Yes,25-34,Brandon Conyers,8014585333
2019-11-12 16:55:18,2019-11-12 16:57:21,Offline,66.219.236.169,100,123,True,2019-11-12 18:23:22,R_8tLoDerYmF742ov,,,,,40.356292724609375,-111.7324981689453125,,EN,3 days per week,Work,,Park and ride,,No,,2,Live too far! Park and ride is easier,Work,,Na,To go to work,My work pays! So cheaper than driving and no traffic or construction,,,,,1,Yes,25-34,,
2019-11-12 16:58:33,2019-11-12 17:00:36,Offline,66.219.236.169,100,123,True,2019-11-12 18:23:23,R_exHtu62JRYOTI5E,,,,,40.356292724609375,-111.7324981689453125,,EN,5 days per week,Work,,Park and ride,,Yes,,,,Work,,,,,,,,,1,Yes,25-34,,
2019-11-12 17:02:33,2019-11-12 17:04:11,Offline,66.219.236.169,100,98,True,2019-11-12 18:23:23,R_4UAisYefdKG9IBD,,,,,40.356292724609375,-111.7324981689453125,,EN,First time riding,Shopping/Recreation,,Park and ride,,No,,5,Convenience,Work,,All services,So i dont have to drive,Everything,,,,,2,Yes,35-44,,
2019-11-12 19:11:24,2019-11-12 19:11:43,Survey Preview,,100,19,True,2019-11-12 19:11:44,R_1LUNIH8NIkfsipD,,,,,40.356292724609375,-111.7324981689453125,preview,EN,,,,,,,,,,,,,,,,,,,,,,,
2019-11-12 19:13:18,2019-11-12 19:13:43,Survey Preview,,100,24,True,2019-11-12 19:13:43,R_3GCwJFNexAdpAte,,,,,40.356292724609375,-111.7324981689453125,preview,EN,,,,,,,,,,,,,,,,,,,,,,,
2019-11-06 10:00:31,2019-11-06 10:00:48,IP Address,128.187.116.17,21,16,False,2019-11-13 10:01:20,R_0qw8wwd56EiorDz,,,,,,,anonymous,EN,,,,,,No,,,,,,,,,,,,,,,,,
2019-11-06 09:44:39,2019-11-06 10:03:43,IP Address,128.187.116.17,21,1144,False,2019-11-13 10:03:44,R_2Qsq9xwhLlgll1Z,,,,,,,anonymous,EN,,,,,,Yes,,,,,,,,,,,,,,,,,
2019-11-13 10:59:59,2019-11-13 11:05:17,IP Address,172.58.43.13,100,317,True,2019-11-13 11:05:18,R_SWg3IR0k8a0NqEh,,,,,47.536407470703125,-122.2779998779296875,qr,EN,3 days per week,Other,,Park and ride,,No,,2,Don’t really need it.,"Work,Shopping",,Probably to go shopping or to work.,It’s free with my student ID and it saves on gas.,They have tables so you can do homework while you’re riding.,More tables; people like to take them and not use them.,Other,,N/A,3,Yes,18-24,,
2019-11-13 12:01:38,2019-11-13 12:05:11,IP Address,172.58.43.174,100,213,True,2019-11-13 12:05:12,R_214YOiw5mJ0wcZv,,,,,47.536407470703125,-122.2779998779296875,qr,EN,5 days per week,Other,School,Other,Car,No,,,Because it would depend on some things.,School,,I don’t know,"Because I hate driving ",Get gets me to school,Nothing,UTA website or app,,,2,Yes,18-24,,
2019-11-13 12:01:35,2019-11-13 12:09:54,IP Address,172.58.35.191,100,498,True,2019-11-13 12:09:55,R_1mICYS8ipddmyAy,,,,,38.6638946533203125,-121.33879852294921875,qr,EN,3 days per week,Work,,Park and ride,,No,,3,I would probably save time by driving myself to the frontrunner station.,Work,,If I didn't have a car I would certainly use it.,"To avoid having to drive 30 miles on I 15. ",I love being able to work or read while on frontrunner. I like staying off I 15 and help our air quality by using public transit.,Frontrunner running every 30 minutes during the middle of the day would get me to use it more.,UTA website or app,,"Thank you for asking about our use of UTA. I do believe the UTA minibus on demand will help many people get to their destination and increase use. ",2,Yes,55-64,,
2019-11-13 12:04:51,2019-11-13 12:12:44,IP Address,172.58.79.221,100,473,True,2019-11-13 12:12:45,R_UL9cW4QHefznbYl,,,,,36.1472015380859375,-115.11750030517578125,qr,EN,Less than once per week,Shopping/Recreation,,Walk,,No,,5,Convenience and need,"Work,Shopping,Other",,Getting to stations quickly,No car and desire to travel outside of walkable area,Ease and lots of options,Better signage for visitors using the service,UTA website or app,,,4+,Yes,45-54,,
2019-11-13 08:58:00,2019-11-13 09:01:01,Offline,66.219.236.172,100,181,True,2019-11-13 12:52:24,R_6cWgFBnwoHtm1RS,,,,,40.356292724609375,-111.7324981689453125,,EN,3 days per week,Work,,Walk,,No,,2,I,,,"
",Get to work,Gets me where i need to go.,Bus smells like smoke and alcohol. People blast their own music on the bus,Other,Apple navigation,,1,Yes,25-34,Mitch,8017394499
2019-11-13 10:49:22,2019-11-13 10:52:11,Offline,66.219.236.172,100,168,True,2019-11-13 12:52:25,R_eT7g95bHyfnVAPF,,,,,40.51498699999999786314219818450510501861572265625,-111.9044449999999955025486997328698635101318359375,,EN,5 days per week,Other,School,Other,Drove,No,,1,Prefer driving,"Shopping,School",,,School,Effiecency,Front runner times,Google Maps,,,3,Yes,18-24,,
2019-11-13 10:52:20,2019-11-13 10:56:51,Offline,66.219.236.172,100,271,True,2019-11-13 12:52:26,R_buku0EeONpy1Rd6,,,,,40.356292724609375,-111.7324981689453125,,EN,5 days per week,Other,School,Other,Car,No,,1,Its more convenient for me to drive to my stop.,Other,School,To and from my house to frontrunner,Convenience,The amount of available trains,,UTA website or app,,,1,Yes,25-34,,
2019-11-13 10:57:02,2019-11-13 11:00:51,Offline,66.219.236.172,100,228,True,2019-11-13 12:52:27,R_lM9nlFGQpg5WRmQ,,,,,40.51553700000000191039362107403576374053955078125,-111.904393999999996367478161118924617767333984375,,EN,2 days per week,Other,,Park and ride,,No,,4,I think it would be a great opportunity to have cheap and reliable transportation,"School,Visit family/friends",,"I could use it in a variety of ways, mainly to have transportation to school and other reasons",To get to school wirhout having to pay for a parkimg pasa,,,,,,3,Yes,18-24,,
2019-11-13 11:21:41,2019-11-13 11:24:59,Offline,66.219.236.172,100,197,True,2019-11-13 12:52:28,R_cKHjAyOvkA66Kv9,,,,,40.356292724609375,-111.7324981689453125,,EN,Never,Work,,Park and ride,,No,,2,Because i never ride,Work,,To get to where i need to go.,Because im working,I have a free pass,More routes north,Posters at stations/on transit,,,1,,35-44,,
2019-11-13 11:51:27,2019-11-13 11:54:34,Offline,66.219.236.172,100,186,True,2019-11-13 12:52:28,R_29jae7R4dyJ8VcE,,,,,40.356292724609375,-111.7324981689453125,,EN,5 days per week,Work,,Walk,,No,,4,"I frequently use UTA, so i'm in favor of more travel options","Work,Shopping,Visit family/friends",,Getting to plsces that don't currently have stops,Convenience,"Reliable, fot the most part",Better connection pointz,"Google Maps,UTA website or app,Posters at stations/on transit",,,1,Yes,25-34,Graham,
2019-11-13 11:54:43,2019-11-13 12:00:22,Offline,66.219.236.172,100,339,True,2019-11-13 12:52:29,R_60GBvjO4QyN56Rt,,,,,40.356292724609375,-111.7324981689453125,,EN,5 days per week,Other,School,Park and ride,,No,,,"Still dont know much about it, but am open.",School,,,Easier than driving,I can multitask without worrying about traffic,,"Google Maps,UTA website or app,Posters at stations/on transit",,,3,Yes,18-24,Riley Oaks,3852071157
2019-11-06 13:48:30,2019-11-06 13:48:56,IP Address,107.1.198.5,21,25,False,2019-11-13 13:49:08,R_1pT3esdArvnv0Jd,,,,,,,anonymous,EN,Less than once per week,Work,,Park and ride,,No,,,,,,,,,,,,,,,,,
2019-11-14 16:53:58,2019-11-14 17:05:20,Offline,172.58.30.195,100,682,True,2019-11-14 17:40:44,R_hiF7QtmxXANiOkY,,,,,40.5255300000000033833202905952930450439453125,-111.859679999999997335180523805320262908935546875,,EN,7 days per week,Work,,Other,Bus,No,,5,,"Work,Shopping,School,Visit family/friends",,,,"Trax frequencies, goride app","Goride app glitches, ski buses on app",UTA website or app,,,3,Yes,25-34,,
2019-11-14 17:05:27,2019-11-14 17:06:59,Offline,172.58.30.195,100,91,True,2019-11-14 17:40:46,R_chLvVTKH7kJHAFq,,,,,34.12109375,-117.4362030029296875,,EN,First time riding,Other,,,,No,,3,,,,,,,,Posters at stations/on transit,,,,No,18-24,,
2019-11-14 17:07:01,2019-11-14 17:18:37,Offline,172.58.30.195,100,696,True,2019-11-14 17:40:48,R_5S1vb79swXo7Ffc,,,,,40.52549599999999685451257391832768917083740234375,-111.8588749999999976125764078460633754730224609375,,EN,First time riding,Shopping/Recreation,,Park and ride,,No,,1,Stay st home,,,,Disney on ice,Lots of station choices,,Google Maps,,,1,Yes,25-34,,
2019-11-14 17:36:28,2019-11-14 17:38:16,Offline,172.58.30.195,100,108,True,2019-11-14 17:40:49,R_8rlTSV8jJPWSOoi,,,,,40.52546699999999901820046943612396717071533203125,-111.8589300000000008594724931754171848297119140625,,EN,5 days per week,Shopping/Recreation,,Bike,,No,,4,The buses here are currently inconvenient,"Work,Visit family/friends",,,,Frequent trax service,Frontrunner is too slow and infrequent,Google Maps,,,1,Yes,25-34,,
2019-11-14 17:39:20,2019-11-14 17:40:36,Offline,172.58.30.195,100,76,True,2019-11-14 17:40:51,R_nFDvPEf93PjIdfX,,,,,40.5254479999999972505975165404379367828369140625,-111.8589280000000059089870774187147617340087890625,,EN,Less than once per week,Work,,Park and ride,,No,,2,Usually drive to trax,"Work,Visit family/friends",,Get to trax instead of park and ride,Returning from work,,,Google Maps,,,2,Yes,35-44,,
2019-11-12 15:55:57,2019-11-12 15:56:20,IP Address,172.58.77.178,21,23,False,2019-11-19 15:55:59,R_1rovXQZMTilavJn,,,,,,,qr,EN,5 days per week,Work,,Park and ride,,No,,,,,,,,,,,,,,,,,
2019-11-12 16:32:48,2019-11-12 16:33:18,IP Address,99.203.12.180,21,29,False,2019-11-19 16:33:16,R_3JLrIQHYpR8Mikg,,,,,,,qr,EN,2 days per week,Other,School,Other,Car,No,,,,,,,,,,,,,,,,,
2019-11-12 16:34:39,2019-11-12 16:35:15,IP Address,107.77.228.156,21,35,False,2019-11-19 16:34:48,R_22Anphc3tW7zhP7,,,,,,,qr,EN,4 days per week,Other,Home,Walk,,Yes,,,,,,,,,,,,,,,,,
2019-11-12 16:56:01,2019-11-12 16:56:23,IP Address,172.58.79.241,21,22,False,2019-11-19 16:56:02,R_2SrF4HW5WPYL73P,,,,,,,qr,EN,3 days per week,Work,,Park and ride,,No,,,,,,,,,,,,,,,,,
